<?xml version="1.0" encoding="UTF-8"?>
<feature
      id="org.eclipse.ecf.core"
      label="ECF Core"
      version="1.0.0.v20070215"
      provider-name="Eclipse.org">

   <description url="http://www.eclipse.org/ecf">
      Eclipse Communications Framework Core
   </description>

   <copyright>
      /*******************************************************************************
* Copyright (c) 2004 Composent, Inc. and others. All rights reserved.
* This program and the accompanying materials are made available
* under the terms of the Eclipse Public License v1.0 which accompanies 
* this distribution, and is available at 
* http://www.eclipse.org/legal/epl-v10.html
* 
* Contributors: Composent, Inc. - initial API and implementation
******************************************************************************/
   </copyright>

   <license url="http://www.eclipse.org/legal/epl-v10.html">
      About This Content
May 2, 2006
License

The Eclipse Foundation makes available all content in this plug-in
(Content).  Unless otherwise indicated below, the Content 
is provided to you under the terms and conditions of the Eclipse
Public License Version 1.0 (EPL).  A copy of the EPL is 
available at http://www.eclipse.org/legal/epl-v10.html.  For
purposes of the EPL, Program will mean the Content.

If you did not receive this Content directly from the Eclipse
Foundation, the Content is being redistributed by another party
(Redistributor) and different terms and conditions may apply
to your use of any object code in the Content.  Check the
Redistributor&apos;s license that was provided with the Content. 
If no such license exists, contact the Redistributor.  Unless otherwise
indicated below, the terms and conditions of the EPL still apply
to any source code in the Content and such source code may be
obtained at http://www.eclipse.org.
   </license>

   <requires>
      <import plugin="org.eclipse.help"/>
      <import plugin="org.eclipse.core.runtime"/>
      <import plugin="org.eclipse.osgi"/>
      <import plugin="org.eclipse.core.jobs"/>
      <import plugin="org.eclipse.swt"/>
      <import plugin="org.eclipse.jface"/>
      <import plugin="org.eclipse.core.commands"/>
      <import plugin="org.eclipse.jface.text"/>
      <import plugin="org.eclipse.ui.ide"/>
      <import plugin="org.eclipse.ui.browser"/>
      <import plugin="org.eclipse.ui.workbench"/>
   </requires>

   <plugin
         id="org.jivesoftware.smack"
         download-size="0"
         install-size="0"
         version="2.2.1"
         unpack="false"/>

   <plugin
         id="org.eclipse.ecf.identity"
         download-size="0"
         install-size="0"
         version="1.0.0.v20070215"
         unpack="false"/>

   <plugin
         id="org.eclipse.ecf"
         download-size="0"
         install-size="0"
         version="1.0.0.v20070215"
         unpack="false"/>

   <plugin
         id="org.eclipse.ecf.sharedobject"
         download-size="0"
         install-size="0"
         version="1.0.0.v20070215"
         unpack="false"/>

   <plugin
         id="org.eclipse.ecf.call"
         download-size="0"
         install-size="0"
         version="1.0.0.v20070215"
         unpack="false"/>

   <plugin
         id="org.eclipse.ecf.datashare"
         download-size="0"
         install-size="0"
         version="1.0.0.v20070215"
         unpack="false"/>

   <plugin
         id="org.eclipse.ecf.discovery"
         download-size="0"
         install-size="0"
         version="1.0.0.v20070215"
         unpack="false"/>

   <plugin
         id="org.eclipse.ecf.doc"
         download-size="0"
         install-size="0"
         version="1.0.0.v20070215"
         unpack="false"/>

   <plugin
         id="org.eclipse.ecf.filetransfer"
         download-size="0"
         install-size="0"
         version="1.0.0.v20070215"
         unpack="false"/>

   <plugin
         id="org.eclipse.ecf.presence"
         download-size="0"
         install-size="0"
         version="1.0.0.v20070215"
         unpack="false"/>

   <plugin
         id="org.eclipse.ecf.provider"
         download-size="0"
         install-size="0"
         version="1.0.0.v20070215"
         unpack="false"/>

   <plugin
         id="org.eclipse.ecf.provider.datashare"
         download-size="0"
         install-size="0"
         version="1.0.0.v20070215"
         unpack="false"/>

   <plugin
         id="org.eclipse.ecf.provider.filetransfer"
         download-size="0"
         install-size="0"
         version="1.0.0.v20070215"
         unpack="false"/>

   <plugin
         id="org.eclipse.ecf.provider.irc"
         download-size="0"
         install-size="0"
         version="1.0.0.v20070215"
         unpack="false"/>

   <plugin
         id="org.eclipse.ecf.provider.remoteservice"
         download-size="0"
         install-size="0"
         version="1.0.0.v20070215"
         unpack="false"/>

   <plugin
         id="org.eclipse.ecf.provider.xmpp"
         download-size="0"
         install-size="0"
         version="1.0.0.v20070215"
         unpack="false"/>

   <plugin
         id="org.eclipse.ecf.remoteservice"
         download-size="0"
         install-size="0"
         version="1.0.0.v20070215"
         unpack="false"/>

   <plugin
         id="org.eclipse.ecf.ui"
         download-size="0"
         install-size="0"
         version="1.0.0.v20070215"
         unpack="false"/>

   <plugin
         id="org.eclipse.ecf.server"
         download-size="0"
         install-size="0"
         version="1.0.0.v20070215"
         unpack="false"/>

   <plugin
         id="org.eclipse.ecf.provider.jmdns"
         download-size="0"
         install-size="0"
         version="1.0.0.v20070215"
         unpack="false"/>

   <plugin
         id="org.eclipse.ecf.provider.ui"
         download-size="0"
         install-size="0"
         version="1.0.0.v20070215"
         unpack="false"/>

   <plugin
         id="org.eclipse.ecf.presence.ui"
         download-size="0"
         install-size="0"
         version="1.0.0.v20070215"
         unpack="false"/>

   <plugin
         id="org.eclipse.ecf.provider.xmpp.ui"
         download-size="0"
         install-size="0"
         version="1.0.0.v20070215"
         unpack="false"/>

   <plugin
         id="org.eclipse.ecf.provider.irc.ui"
         download-size="0"
         install-size="0"
         version="1.0.0.v20070215"
         unpack="false"/>

   <plugin
         id="org.eclipse.ecf.discovery.ui"
         download-size="0"
         install-size="0"
         version="1.0.0.v20070215"
         unpack="false"/>

</feature>
